Date,Description,Withdrawal,Deposit,Category,deposit,Unnamed: 4,Amount
2024-04-30,Branch Transaction SERVICE CHARGE CAPPED MONTHLY FEE$16.95 RECORD-KEEPING N/A,16.95,,BankFees,,,
2024-04-30,Internet Banking INTERNET BILL PAY 000000116937 CRA (REVENUE - 2023 TAX R,5504.0,,Tax-Personal,,,
2024-04-30,Internet Banking E-TRANSFER 010989033295 DSD Kanrat Inc.,,5000.0,Etransfers,,,
2024-04-30,Internet Banking E-TRANSFER 010988261353 DILEEP BHANUPRAKSH,,51.96,Etransfers,,,
2024-04-29,Electronic Funds Transfer PREAUTHORIZED DEBIT ELEXICON ENERGY INC,103.0,,Utilities,,,
2024-04-26,Internet Banking E-TRANSFER 010969677387 Santo Meridian,250.0,,Etransfers,,,
2024-04-26,Point of Sale - Interac RETAIL PURCHASE 001001001848 NEW SPICELAND S,73.85,,Groceries,,,
2024-04-24,Internet Banking E-TRANSFER 104967763459 Sudhir Badminton,83.05,,Etransfers,,,
2024-04-23,Electronic Funds Transfer PREAUTHORIZED DEBIT ARCHIVE+8 ACURA FINANCIAL SERVICES,490.53,,Maintenance-Car,,,
2024-04-22,Electronic Funds Transfer MORTGAGE PAYMENT MTG003401212.1 CMI,1682.83,,Mortgage,,,
2024-04-22,"Internet Banking INTERNET BILL PAY 000000111234 VISA, TD/BANQUE TD",640.06,,CreditCards,,,
2024-04-22,Internet Banking INTERNET BILL PAY 000000139305 FLEXITI FINANCIAL/FINANCI,286.57,,HomeImprovement,,,
2024-04-19,Electronic Funds Transfer PAY TCS CA PAYROLL TATA CONSULTANCY SERVICES,,3123.26,Income,,,
2024-04-18,Internet Banking E-TRANSFER 010979548821 Arjun CIBC,,74.0,Etransfers,,,
2024-04-16,Electronic Funds Transfer PREAUTHORIZED DEBIT IND ALL LIFE IN,167.85,,Insurance,,,
2024-04-16,Automated Banking Machine ATM WITHDRAWAL DURHAM BANKING CENTRE 3D18,100.0,,Cash,,,
2024-04-15,Electronic Funds Transfer PREAUTHORIZED DEBIT Town of Ajax,570.96,,Tax-Property,,,
2024-04-15,Internet Banking E-TRANSFER 010976734373 Santhosh Kanakappan,,700.0,Etransfers,,,
2024-04-15,Internet Banking INTERNET TRANSFER 000000137680,500.0,,CreditCards,,,
2024-04-15,Point of Sale - Interac RETAIL PURCHASE 001001001885 NEW SPICELAND S,177.69,,Groceries,,,
2024-04-15,Point of Sale - Interac RETAIL PURCHASE 001001001809 NEW SPICELAND R,24.94,,Groceries,,,
2024-04-15,Internet Banking INTERNET TRANSFER 000000208495,1922.19,,CreditCards,,,
2024-04-15,Internet Banking INTERNET TRANSFER 000000108716,,900.0,CreditCards,,,
2024-04-12,Internet Banking E-TRANSFER 010969668031 Santo Meridian,250.0,,Etransfers,,,
2024-04-11,Electronic Funds Transfer PREAUTHORIZED DEBIT INVESTMENT CIBCSI EFT-PAC,500.0,,Investments,,,
2024-04-10,Point of Sale - Interac RETAIL PURCHASE 001001001269 NEW SPICELAND R,11.16,,Groceries,,,
2024-04-10,Internet Banking E-TRANSFER 010973160663 AMBER THOMPSON,,75.0,Etransfers,,,
2024-04-09,Electronic Funds Transfer PREAUTHORIZED DEBIT ARCHIVE+8 ACURA FINANCIAL SERVICES,490.53,,Maintenance-Car,,,
2024-04-09,Internet Banking INTERNET GLOBAL MONEY TRANSFER FEE $0.00 410008333947 5994.13 INR @ 0,100.0,,GlobalTransfers,,,
2024-04-09,Internet Banking E-TRANSFER 104950067288 Dance Payment,130.0,,Etransfers,,,
2024-04-08,Electronic Funds Transfer MORTGAGE PAYMENT MTG003401212.1 CMI,1682.83,,Mortgage,,,
2024-04-08,Electronic Funds Transfer PREAUTHORIZED DEBIT UNICA,186.64,,Insurance,,,
2024-04-08,Electronic Funds Transfer PREAUTHORIZED DEBIT UNICA,134.03,,Insurance,,,
2024-04-08,Internet Banking INTERNET GLOBAL MONEY TRANSFER FEE $0.00 409910054013 10229.26 INR @ 0,170.0,,GlobalTransfers,,,
2024-04-08,Point of Sale - Interac RETAIL PURCHASE 275132406628 SQ *NAZFOODS,2.25,,Groceries,,,
2024-04-08,Internet Banking INTERNET GLOBAL MONEY TRANSFER FEE $0.00 409723276343 5995.20 INR @ 0,100.0,,GlobalTransfers,,,
2024-04-08,Internet Banking INTERNET GLOBAL MONEY TRANSFER FEE $0.00 409723269844 5995.20 INR @ 0,100.0,,GlobalTransfers,,,
2024-04-08,Internet Banking INTERNET TRANSFER 000000227314,2794.68,,CreditCards,,,
2024-04-05,Electronic Funds Transfer PREAUTHORIZED DEBIT CERTAS HOME &AUTO INSURANCE CO,131.42,,Insurance,,,
2024-04-05,Electronic Funds Transfer PAY TCS CA PAYROLL TATA CONSULTANCY SERVICES,,2913.15,Income,,,
2024-04-04,Internet Banking E-TRANSFER 010968770897 DSD Kanrat Inc.,,5000.0,Etransfers,,,
2024-04-01,Internet Banking E-TRANSFER 104939938014 Sudhir Badminton,33.9,,Etransfers,,,
2024-04-01,Internet Banking E-TRANSFER 010951633825 Santo Meridian,250.0,,Etransfers,,,
2024-03-28,Branch Transaction SERVICE CHARGE CAPPED MONTHLY FEE$16.95 RECORD-KEEPING N/A,16.95,,BankFees,,,
2024-03-28,Electronic Funds Transfer PREAUTHORIZED DEBIT ELEXICON ENERGY INC,103.0,,Utilities,,,
2024-03-27,Internet Banking E-TRANSFER 010919370676 SANTHOSH KANAKAPPAN,,609.76,Etransfers,,,
2024-03-27,Internet Banking INTERNET DEPOSIT 000000107865,,282.44,Deposit-others,,,
2024-03-27,Point of Sale - Interac RETAIL PURCHASE 001001001587 NEW SPICELAND R,12.2,,Groceries,,,
2024-03-27,Internet Banking INTERNET TRANSFER 000000122091,,500.0,CreditCards,,,
2024-03-27,Internet Banking INTERNET GLOBAL MONEY TRANSFER FEE $0.00 408621268626 30000.00 INR @ 0,499.68,,GlobalTransfers,,,
2024-03-26,Electronic Funds Transfer PREAUTHORIZED DEBIT ARCHIVE+8 ACURA FINANCIAL SERVICES,490.53,,Maintenance-Car,,,
2024-03-25,Electronic Funds Transfer MORTGAGE PAYMENT MTG003401212.1 CMI,1682.83,,Mortgage,,,
2024-03-25,Internet Banking E-TRANSFER 104931227319 Santhosh TD,261.95,,Etransfers,,,
2024-03-25,Internet Banking INTERNET GLOBAL MONEY TRANSFER FEE $0.00 408311129884 20140.68 INR @ 0,335.0,,GlobalTransfers,,,
2024-03-22,Internet Banking INTERNET GLOBAL MONEY TRANSFER FEE $0.00 408200052902 54180.96 INR @ 0,900.0,,GlobalTransfers,,,
2024-03-22,Electronic Funds Transfer PAY TCS CA PAYROLL TATA CONSULTANCY SERVICES,,2913.15,Income,,,
2024-03-21,Internet Banking E-TRANSFER 010957706581 Newton,,474.51,Etransfers,,,
2024-03-21,Internet Banking INTERNET TRANSFER 000000122901,100.0,,CreditCards,,,
2024-03-20,Internet Banking INTERNET BILL PAY 000000139305 FLEXITI FINANCIAL/FINANCI,286.57,,HomeImprovement,,,
2024-03-20,Internet Banking E-TRANSFER 010956665313 SRIKANTH CHITTAREDDY,,26.0,Etransfers,,,
2024-03-19,Internet Banking E-TRANSFER 010956121839 Arjun CIBC,,222.0,Etransfers,,,
2024-03-19,Automated Banking Machine ATM WITHDRAWAL DURHAM BANKING CENTRE 3D15,200.0,,Cash,,,
2024-03-18,Electronic Funds Transfer PREAUTHORIZED DEBIT IND ALL LIFE IN,167.85,,Insurance,,,
2024-03-18,Point of Sale - Visa Debit INTL VISA DEB RETAIL PURCHASE ARTESANIA-BOD.D 407814949539 158.52 USD @ 1.389604,220.28,,Other,,,
2024-03-15,Electronic Funds Transfer PREAUTHORIZED DEBIT Town of Ajax,570.96,,Tax-Property,,,
2024-03-15,Internet Banking E-TRANSFER 010951624657 Santo Meridian,250.0,,Etransfers,,,
2024-03-14,Internet Banking INTERNET TRANSFER 000000122901,100.0,,CreditCards,,,
2024-03-14,Internet Banking INTERNET TRANSFER 000000118687,600.0,,CreditCards,,,
2024-03-12,Electronic Funds Transfer PREAUTHORIZED DEBIT ARCHIVE+8 ACURA FINANCIAL SERVICES,490.53,,Maintenance-Car,,,
2024-03-12,Electronic Funds Transfer PREAUTHORIZED DEBIT INVESTMENT CIBCSI EFT-PAC,500.0,,Investments,,,
2024-03-12,Branch Transaction WITHDRAWAL IBB WESTNEY HEIGHTS PLAZA BANKING,141.1,,Cash,,,
2024-03-12,Automated Banking Machine ATM WITHDRAWAL 104 HARWOOD AVE S 3A55,100.0,,Cash,,,
2024-03-12,Internet Banking E-TRANSFER 010950659953 DSD Kanrat Inc.,,5000.0,Etransfers,,,
2024-03-11,Electronic Funds Transfer MORTGAGE PAYMENT MTG003401212.1 CMI,1682.83,,Mortgage,,,
2024-03-11,Internet Banking INTERNET TRANSFER 000000117360,232.88,,CreditCards,,,
2024-03-11,Internet Banking INTERNET TRANSFER 000000116933,1372.44,,CreditCards,,,
2024-03-11,Internet Banking E-TRANSFER 104914172569 Ravi IPTV,60.0,,Etransfers,,,
2024-03-08,Internet Banking INTERNET TRANSFER 000000202497,290.14,,CreditCards,,,
2024-03-08,Internet Banking E-TRANSFER 104912898523 Dance Payment,130.0,,Etransfers,,,
2024-03-08,Electronic Funds Transfer PAY TCS CA PAYROLL TATA CONSULTANCY SERVICES,,2913.15,Income,,,
2024-03-07,Internet Banking INTERNET TRANSFER 000000122901,100.0,,CreditCards,,,
2024-03-06,Electronic Funds Transfer PREAUTHORIZED DEBIT UNICA,186.64,,Insurance,,,
2024-03-06,Electronic Funds Transfer PREAUTHORIZED DEBIT UNICA,134.03,,Insurance,,,
2024-03-05,Electronic Funds Transfer PREAUTHORIZED DEBIT CERTAS HOME &AUTO INSURANCE CO,131.42,,Insurance,,,
2024-03-04,Electronic Funds Transfer PREAUTHORIZED DEBIT Pre-authorized ENBRIDGE,172.0,,Utilities,,,
2024-03-04,Point of Sale - Interac RETAIL PURCHASE 001001001628 NEW SPICELAND S,51.52,,Groceries,,,
2024-03-04,Point of Sale - Interac RETAIL PURCHASE 001001001977 NEW SPICELAND R,12.18,,Groceries,,,
2024-03-01,Electronic Funds Transfer DEPOSIT IND ALL AC-TOR,,91.53,Deposit-Insurance,,,
2024-03-01,Internet Banking E-TRANSFER 010933652231 Santo Meridian,250.0,,Etransfers,,,
2024-02-29,Branch Transaction SERVICE CHARGE CAPPED MONTHLY FEE$16.95 RECORD-KEEPING N/A,16.95,,BankFees,,,
2024-02-29,Internet Banking INTERNET TRANSFER 000000122901,100.0,,CreditCards,,,
2024-02-28,Electronic Funds Transfer PREAUTHORIZED DEBIT ELEXICON ENERGY INC,103.0,,Utilities,,,
2024-02-27,Electronic Funds Transfer PREAUTHORIZED DEBIT ARCHIVE+8 ACURA FINANCIAL SERVICES,490.53,,Maintenance-Car,,,
2024-02-26,Electronic Funds Transfer MORTGAGE PAYMENT MTG003401212.1 CMI,1682.83,,Mortgage,,,
2024-02-26,"Internet Banking INTERNET BILL PAY 000000219982 VISA, TD/BANQUE TD",229.81,,CreditCards,,,
2024-02-23,Electronic Funds Transfer PAY TCS CA PAYROLL TATA CONSULTANCY SERVICES,,2913.15,Income,,,
2024-02-22,Point of Sale - Interac RETAIL PURCHASE 405316463156 GREAT CLIPS 348,56.5,,Healthcare,,,
2024-02-22,Internet Banking INTERNET TRANSFER 000000122901,100.0,,CreditCards,,,
2024-02-21,Electronic Funds Transfer PREAUTHORIZED DEBIT DURHAM REGION,320.17,,Utilities,,,
2024-02-21,Internet Banking E-TRANSFER 104891818572 Dami House Cleaning,120.0,,Etransfers,,,
2024-02-20,Internet Banking INTERNET BILL PAY 000000139305 FLEXITI FINANCIAL/FINANCI,286.57,,HomeImprovement,,,
2024-02-16,Electronic Funds Transfer PREAUTHORIZED DEBIT IND ALL LIFE IN,167.85,,Insurance,,,
2024-02-16,Internet Banking E-TRANSFER 010932057193 SANTHOSH KANAKAPPAN,,2000.0,Etransfers,,,
2024-02-16,Internet Banking E-TRANSFER 010916261319 Santo Meridian,250.0,,Etransfers,,,
2024-02-15,Electronic Funds Transfer PREAUTHORIZED DEBIT Town of Ajax,570.96,,Tax-Property,,,
2024-02-15,Electronic Funds Transfer PREAUTHORIZED DEBIT ARCHIVE+8 ACURA FINANCIAL SERVICES,1000.0,,Maintenance-Car,,,
2024-02-15,Internet Banking INTERNET TRANSFER 000000122901,100.0,,CreditCards,,,
2024-02-13,Electronic Funds Transfer PREAUTHORIZED DEBIT ARCHIVE+8 ACURA FINANCIAL SERVICES,490.53,,Maintenance-Car,,,
2024-02-13,Electronic Funds Transfer PREAUTHORIZED DEBIT INVESTMENT CIBCSI EFT-PAC,500.0,,Investments,,,
2024-02-13,Internet Banking E-TRANSFER 010887956526 SANTHOSH KANAKAPPAN,,3000.0,Etransfers,,,
2024-02-12,Electronic Funds Transfer MORTGAGE PAYMENT MTG003401212.1 CMI,1682.83,,Mortgage,,,
2024-02-12,Internet Banking INTERNET TRANSFER 000000221539,308.12,,CreditCards,,,
2024-02-12,Internet Banking INTERNET TRANSFER 000000211607,1574.79,,CreditCards,,,
2024-02-12,Internet Banking E-TRANSFER 104882370191 Dance Payment,130.0,,Etransfers,,,
2024-02-12,Internet Banking E-TRANSFER 010928983929 ARUNDAS M RAMAMOHANDAS,,15.0,Etransfers,,,
2024-02-09,Electronic Funds Transfer PAY TCS CA PAYROLL TATA CONSULTANCY SERVICES,,2913.15,Income,,,
2024-02-08,Internet Banking E-TRANSFER 104878274586 MadrasBatter,94.0,,Etransfers,,,
2024-02-08,Internet Banking INTERNET TRANSFER 000000122901,100.0,,CreditCards,,,
2024-02-06,Electronic Funds Transfer PREAUTHORIZED DEBIT UNICA,134.03,,Insurance,,,
2024-02-06,Electronic Funds Transfer PREAUTHORIZED DEBIT UNICA,186.64,,Insurance,,,
2024-02-05,Electronic Funds Transfer PREAUTHORIZED DEBIT Pre-authorized ENBRIDGE,172.0,,Utilities,,,
2024-02-05,Internet Banking E-TRANSFER 104874044571 Sudhir Badminton,42.73,,Etransfers,,,
2024-02-05,"Internet Banking INTERNET BILL PAY 000000123550 VISA, TD/BANQUE TD",743.12,,CreditCards,,,
2024-02-01,Internet Banking E-TRANSFER 010921267671 SANTHOSH KANAKAPPAN,,1500.0,Etransfers,,,
2024-02-01,Internet Banking INTERNET TRANSFER 000000122901,100.0,,CreditCards,,,
2024-01-31,Branch Transaction SERVICE CHARGE CAPPED MONTHLY FEE$16.95 RECORD-KEEPING N/A,16.95,,BankFees,,,
2024-01-31,Internet Banking INTERNET GLOBAL MONEY TRANSFER FEE $0.00 403021396393,100.0,,GlobalTransfers,,,
2024-01-31,Internet Banking INTERNET TRANSFER 000000106151,867.9,,CreditCards,,,
2024-01-30,Electronic Funds Transfer PREAUTHORIZED DEBIT ARCHIVE+8 ACURA FINANCIAL SERVICES,490.53,,Maintenance-Car,,,
2024-01-30,Automated Banking Machine ATM WITHDRAWAL 104 HARWOOD AVE S 4C91,100.0,,Cash,,,
2024-01-29,Electronic Funds Transfer MORTGAGE PAYMENT MTG003401212.1 CMI,1682.83,,Mortgage,,,
2024-01-29,Electronic Funds Transfer PREAUTHORIZED DEBIT ELEXICON ENERGY INC,103.0,,Utilities,,,
2024-01-29,Point of Sale - Interac RETAIL PURCHASE 995526290129 BLS INTERNATION,217.6,,Other,,,
2024-01-26,Electronic Funds Transfer PAY TCS CA PAYROLL TATA CONSULTANCY SERVICES,,2913.15,Income,,,
2024-01-24,Internet Banking E-TRANSFER 104860376521 Sudhir Badminton,38.73,,Etransfers,,,
2024-01-23,Branch Transaction PREAUTHORIZED DEBIT IBB CIBC MORTGAGE SERVICING CENTRE,500.0,,Mortgage,,,
2024-01-22,Branch Transaction PREAUTHORIZED DEBIT IBB CIBC MORTGAGE SERVICING CENTRE,1000.0,,Mortgage,,,
2024-01-22,Internet Banking E-TRANSFER 010912271919 SANTHOSH KANAKAPPAN,,2400.0,Etransfers,,,
2024-01-22,Internet Banking INTERNET TRANSFER 000000122427,2389.84,,CreditCards,,,
2024-01-22,Internet Banking INTERNET BILL PAY 000000139305 FLEXITI FINANCIAL/FINANCI,286.57,,HomeImprovement,,,
2024-01-17,Internet Banking E-TRANSFER 104853001057 Dami House Cleaning,140.0,,Etransfers,,,
2024-01-17,Automated Banking Machine ATM WITHDRAWAL 20 YORK STREET 3C41,60.0,,Cash,,,
2024-01-16,Electronic Funds Transfer PREAUTHORIZED DEBIT IND ALL LIFE IN,167.85,,Insurance,,,
2024-01-16,Electronic Funds Transfer PREAUTHORIZED DEBIT ARCHIVE+8 ACURA FINANCIAL SERVICES,490.53,,Maintenance-Car,,,
2024-01-16,Automated Banking Machine ATM WITHDRAWAL THICKSON + GLEN HILL 4G90,100.0,,Cash,,,
2024-01-15,Electronic Funds Transfer MORTGAGE PAYMENT MTG003401212.1 CMI,1682.83,,Mortgage,,,
2024-01-15,Electronic Funds Transfer PREAUTHORIZED DEBIT Town of Ajax,570.96,,Tax-Property,,,
2024-01-15,Internet Banking E-TRANSFER 104848655902 Dileep,10.29,,Etransfers,,,
2024-01-15,Electronic Funds Transfer DEPOSIT CANADA,,244.0,Deposit-TaxRefunds,,,
2024-01-15,Internet Banking E-TRANSFER 010865803114 DILEEP BHANUPRAKSH,,10.29,Etransfers,,,
2024-01-12,Electronic Funds Transfer PREAUTHORIZED DEBIT ARCHIVE+8 ACURA FINANCIAL SERVICES,500.0,,Maintenance-Car,,,
2024-01-12,Electronic Funds Transfer PAY TCS CA PAYROLL TATA CONSULTANCY SERVICES,,2913.15,Income,,,
2024-01-11,Electronic Funds Transfer PREAUTHORIZED DEBIT INVESTMENT CIBCSI EFT-PAC,500.0,,Investments,,,
2024-01-10,Internet Banking INTERNET GLOBAL MONEY TRANSFER FEE $0.00 401011117630,100.0,,GlobalTransfers,,,
2024-01-09,Internet Banking E-TRANSFER 104844077757 Dance Payment,130.0,,Etransfers,,,
2024-01-08,Electronic Funds Transfer PREAUTHORIZED DEBIT UNICA,134.03,,Insurance,,,
2024-01-08,Electronic Funds Transfer PREAUTHORIZED DEBIT UNICA,186.64,,Insurance,,,
2024-01-08,Internet Banking E-TRANSFER 010862686176 Arjun CIBC,,85.43,Etransfers,,,
2024-01-08,Internet Banking E-TRANSFER 104841982149 Sudhir Badminton,41.85,,Etransfers,,,
2024-01-08,Internet Banking E-TRANSFER 010902985189 ANURADHA KRISHNAMURTHY,,62.0,Etransfers,,,
2024-01-08,Internet Banking INTERNET TRANSFER 000000119854,327.62,,CreditCards,,,
2024-01-04,Point of Sale - Interac RETAIL PURCHASE 001001001751 NEW SPICELAND S,113.45,,Groceries,,,
2024-01-02,Electronic Funds Transfer MORTGAGE PAYMENT MTG003401212.1 CMI,1682.83,,Mortgage,,,
2024-01-02,Electronic Funds Transfer PREAUTHORIZED DEBIT Pre-authorized ENBRIDGE,172.0,,Utilities,,,
2024-01-02,Electronic Funds Transfer PREAUTHORIZED DEBIT ARCHIVE+8 ACURA FINANCIAL SERVICES,490.53,,Maintenance-Car,,,
2024-04-26,PURCHASE INTEREST,106.04,,Other,,4500********5028,
2024-04-26,ANNUAL FEE,139.0,,BankFees,,4500********5028,
2024-04-26,"TELUS MOBILITY PREAUTH 403-5303586, AB",171.94,,Phone,,4500********5028,
2024-04-24,"FREEDOM MOBILE 877-946-3184, ON",67.8,,Phone,,4500********5028,
2024-04-24,"LUCKY MOBILE MISSISSAUGA, ON",16.95,,Phone,,4500********5028,
2024-04-19,"WEED MAN 416-2698333, ON",33.84,,Maintenance-Home,,4500********5028,
2024-04-16,PAYMENT THANK YOU/PAIEMEN T MERCI,,,Other,500.0,4500********5028,
2024-04-15,"BELL CANADA (OB) MONTREAL, QC",62.15,,Internet,,4500********5028,
2024-04-10,"TELUS PRE-AUTH PAYMENT EDMONTON, AB",45.2,,Phone,,4500********5028,
2024-04-03,"GOOGLE *YouTubePremium g.co/helppay#, NS",25.98,,Subscription,,4500********5028,
2024-03-27,"TELUS MOBILITY PREAUTH 403-5303586, AB",135.78,,Phone,,4500********5028,
2024-03-25,"FREEDOM MOBILE 877-946-3184, ON",67.8,,Phone,,4500********5028,
2024-03-25,"THE HOME DEPOT #7109 AJAX, ON",67.21,,Stationery,,4500********5028,
2024-03-25,"LUCKY MOBILE MISSISSAUGA, ON",16.95,,Phone,,4500********5028,
2024-03-25,"JOY HEALTH STUDIO WHITBY, ON",11.3,,Healthcare,,4500********5028,
2024-03-22,"RELIANCE HOME COMFORT TORONTO, ON",297.28,,Utilities,,4500********5028,
2024-03-15,"TIM HORTONS TORONTO, ON",5.0,,Dining,,4500********5028,
2024-03-15,"TIM HORTONS TORONTO, ON",50.0,,Dining,,4500********5028,
2024-03-15,"TELUS COMM. WEB EDMONTON, AB",139.71,,Phone,,4500********5028,
2024-03-12,PAYMENT THANK YOU/PAIEMEN T MERCI,,,Other,232.88,4500********5028,
2024-03-11,"DOLLARAMA # 834 WHITBY, ON",63.56,,Stationery,,4500********5028,
2024-03-11,"DYNACARE PORTAL BRAMPTON, ON",11.29,,Healthcare,,4500********5028,
2024-03-07,"LANDMARK WEB TICKETING 403-262-4255, AB",77.37,,Entertainment,,4500********5028,
2024-03-07,"SUNWING VACATIONS TORONTO, ON",3020.0,,Travel,,4500********5028,
2024-03-04,"GOOGLE *YouTubePremium g.co/helppay#, NS",25.98,,Subscription,,4500********5028,
2024-02-26,"LUCKY MOBILE MISSISSAUGA, ON",16.95,,Phone,,4500********5028,
2024-02-22,"RELIANCE HOME COMFORT TORONTO, ON",158.19,,Utilities,,4500********5028,
2024-02-15,AMAZON PAY INDIA PRIVATET Bangalore,31.76,,HomeImprovement,,4500********5028,
2024-02-13,PAYMENT THANK YOU/PAIEMEN T MERCI,,,Other,308.12,4500********5028,
2024-02-05,"GOOGLE *YouTubePremium g.co/helppay#, NS",25.98,,Subscription,,4500********5028,
2024-01-26,PURCHASE INTEREST,4.5,,Other,,4500********5028,
2024-01-24,"LUCKY MOBILE MISSISSAUGA, ON",16.95,,Phone,,4500********5028,
2024-01-23,PAYMENT THANK YOU/PAIEMEN T MERCI,,,Other,2389.84,4500********5028,
2024-01-22,"RELIANCE HOME COMFORT TORONTO, ON",158.19,,Utilities,,4500********5028,
2024-01-17,AMAZON PAY INDIA Pvt Ltd Bangalore 1243.00 INR @ .016588,20.62,,HomeImprovement,,4500********5028,
2024-01-15,PAY WITH POINTS/PAIEMENT PAR POINTS,,,Other,600.0,4500********5028,
2024-01-03,"GOOGLE *YouTubePremium g.co/helppay#, NS",25.98,,Subscription,,4500********5028,
2024-01-02,"DRAIN KING PLUMBERS NORTH YORK, ON",555.0,,Maintenance-Home,,4500********5028,
2024-04-30,"SQ *HARVEST GREEN Toronto, ON",14.41,,Dining,,5268********5526,
2024-04-30,"IKEA.CA ONLINE BURLINGTON, ON",18.51,,HomeImprovement,,5268********5526,
2024-04-29,"ESSO CIRCLE K SCARBOROUGH, ON",92.8,,Gas,,5268********5526,
2024-04-29,"ANJAPPAR CHETTINAD RES SCARBOROUGH, ON",122.07,,Dining,,5268********5526,
2024-04-29,"TIM HORTONS #3490 NORTH YORK, ON",11.1,,Dining,,5268********5526,
2024-04-29,"SHOPPERS DRUG MART #12 AJAX, ON",22.91,,Healthcare,,5268********5526,
2024-04-26,"THE OWL OF MINERVA PICKERING, ON",63.25,,Dining,,5268********5526,
2024-04-26,"NEW SPICELAND RESTAURA AJAX, ON",23.45,,Groceries,,5268********5526,
2024-04-25,"PRESTO AUTL TORONTO, ON",100.0,,Travel,,5268********5526,
2024-04-24,"NEW SPICELAND RESTAURA AJAX, ON",23.7,,Groceries,,5268********5526,
2024-04-22,"UBER CANADA/UBEREATS TORONTO, ON",5.0,,Dining,,5268********5526,
2024-04-22,"UBER CANADA/UBEREATS TORONTO, ON",38.08,,Dining,,5268********5526,
2024-04-22,"MCDONALD'S #22566 Q04 AJAX, ON",14.11,,Dining,,5268********5526,
2024-04-19,"AMZN Mktp CA WWW.AMAZON.CA, ON",,10.0,HomeImprovement,,5268********5526,
2024-04-19,"PETRO CANADA04879 WHITBY, ON",25.14,,Gas,,5268********5526,
2024-04-19,"PETRO CANADA04879 WHITBY, ON",61.29,,Gas,,5268********5526,
2024-04-19,"JOY HEALTH STUDIO WHITBY, ON",45.2,,Healthcare,,5268********5526,
2024-04-18,"DOLLARAMA # 881 AJAX, ON",6.78,,Stationery,,5268********5526,
2024-04-18,"THE BAGEL STOP TORONTO, ON",9.77,,Dining,,5268********5526,
2024-04-15,"WAL-MART #3001 AJAX, ON",105.07,,Groceries,,5268********5526,
2024-04-15,"WAL-MART #3001 AJAX, ON",1.97,,Groceries,,5268********5526,
2024-04-15,"LITTLE CAESARS AJAX, ON",34.44,,Dining,,5268********5526,
2024-04-12,"COSTCO GAS W159 AJAX, ON",83.79,,Gas,,5268********5526,
2024-04-11,"TIM HORTONS APP TORONTO, ON",50.0,,Dining,,5268********5526,
2024-04-11,"SQ *HARVEST GREEN Toronto, ON",14.41,,Dining,,5268********5526,
2024-04-10,"AMZN Mktp CA*F381057X3 WWW.AMAZON.CA, ON",124.29,,HomeImprovement,,5268********5526,
2024-04-09,"PANCHVATI SUPERMARKET AJAX, ON",23.96,,Groceries,,5268********5526,
2024-04-09,"WAL-MART #3001 AJAX, ON",191.34,,Groceries,,5268********5526,
2024-04-09,PAYMENT THANK YOU/PAIEMEN T MERCI,,2794.68,Other,,5268********5526,
2024-04-08,"COSTCO WHOLESALE W159 AJAX, ON",193.7,,Groceries,,5268********5526,
2024-04-08,"MADURAI SAMAYAL AJAX, ON",161.59,,Dining,,5268********5526,
2024-04-08,"NEW SPICELAND RESTAURA AJAX, ON",43.8,,Groceries,,5268********5526,
2024-04-08,"AJAX IQBAL FOODS AJAX, ON",17.98,,Groceries,,5268********5526,
2024-04-08,"LCBO/RAO #771 AJAX, ON",31.95,,Groceries,,5268********5526,
2024-04-03,"AMZN Mktp CA*FD3S16R33 WWW.AMAZON.CA, ON",68.31,,HomeImprovement,,5268********5526,
2024-04-03,"UBER CANADA/UBERCASH TORONTO, ON",50.0,,Travel,,5268********5526,
2024-04-03,"7 ELEVEN STORE #26206 PICKERING, ON",18.5,,Groceries,,5268********5526,
2024-04-02,"COSTCO GAS W159 AJAX, ON",91.11,,Gas,,5268********5526,
2024-04-02,"SAI SWEETS & RESTAURAN BRAMPTON, ON",6.13,,Dining,,5268********5526,
2024-04-02,"SAI SWEETS & RESTAURAN BRAMPTON, ON",15.38,,Dining,,5268********5526,
2024-04-01,"WAL-MART #3001 AJAX, ON",15.8,,Groceries,,5268********5526,
2024-04-01,"LITTLE CAESARS AJAX, ON",42.78,,Dining,,5268********5526,
2024-04-01,"DAISY MART WHITBY, ON",18.36,,Groceries,,5268********5526,
2024-04-01,"NEW SPICELAND RESTAURA AJAX, ON",47.15,,Groceries,,5268********5526,
2024-03-28,"AMZN Mktp CA*NP9LN4RH3 WWW.AMAZON.CA, ON",37.28,,HomeImprovement,,5268********5526,
2024-03-28,"PANCHVATI SUPERMARKET AJAX, ON",38.61,,Groceries,,5268********5526,
2024-03-28,"ROSSLAND ESSO AJAX, ON",19.84,,Gas,,5268********5526,
2024-03-27,"UBER* EATS TORONTO, ON",60.34,,Other,,5268********5526,
2024-03-27,"TACO BELL # 6320 WHITBY, ON",7.9,,Dining,,5268********5526,
2024-03-26,"SQ *HARVEST GREEN Toronto, ON",12.71,,Dining,,5268********5526,
2024-03-25,"La Casita Del Cafe ajax, ON",17.11,,Dining,,5268********5526,
2024-03-25,"PANCHVATI SUPERMARKET AJAX, ON",106.31,,Groceries,,5268********5526,
2024-03-25,"PlayStation Network San Mateo, CA",47.45,,Subscription,,5268********5526,
2024-03-25,"COSTCO WHOLESALE W159 AJAX, ON",108.6,,Groceries,,5268********5526,
2024-03-25,"THE HOME DEPOT #7109 AJAX, ON",5.29,,Stationery,,5268********5526,
2024-03-22,"DOLLARAMA # 435 WHITBY, ON",5.37,,Stationery,,5268********5526,
2024-03-22,"PANCHVATI SUPERMARKET AJAX, ON",15.27,,Groceries,,5268********5526,
2024-03-22,"WAL-MART #3001 AJAX, ON",60.53,,Groceries,,5268********5526,
2024-03-21,"UBER CANADA/UBEREATS TORONTO, ON",19.41,,Dining,,5268********5526,
2024-03-21,"WAL-MART #3001 AJAX, ON",15.75,,Groceries,,5268********5526,
2024-03-18,"UBER CANADA/UBERTRIP TORONTO, ON",20.7,,Travel,,5268********5526,
2024-03-18,"FOOD TRUCK (E-TUK) YYZ MISSISSAUGA, ON",11.58,,Dining,,5268********5526,
2024-03-18,"WAL-MART #3001 AJAX, ON",48.98,,Groceries,,5268********5526,
2024-03-15,"PANCHVATI SUPERMARKET AJAX, ON",22.97,,Groceries,,5268********5526,
2024-03-15,"TIM HORTONS Toronto, ON",5.0,,Dining,,5268********5526,
2024-03-15,"TIM HORTONS Toronto, ON",50.0,,Dining,,5268********5526,
2024-03-14,"KARAHI POINT AJAX AJAX, ON",27.11,,Dining,,5268********5526,
2024-03-14,"REXALL PHARMACY #1701 AJAX, ON",61.0,,Healthcare,,5268********5526,
2024-03-13,"TIM HORTONS #2642 905-421-9993, ON",1.92,,Dining,,5268********5526,
2024-03-13,"TIM HORTONS #2639 905-426-3186, ON",6.53,,Dining,,5268********5526,
2024-03-13,"WAL-MART #3001 AJAX, ON",298.76,,Groceries,,5268********5526,
2024-03-12,"DOLLARAMA # 881 AJAX, ON",32.1,,Stationery,,5268********5526,
2024-03-12,"ONE HEALTHCARE PHARMAC AJAX, ON",3.99,,Healthcare,,5268********5526,
2024-03-12,"FCH #51294 KINGSTON RD PICKERING, ON",29.38,,Other,,5268********5526,
2024-03-12,"TIM HORTONS #3956 AJAX, ON",1.92,,Dining,,5268********5526,
2024-03-12,PAYMENT THANK YOU/PAIEMEN T MERCI,,1372.44,Other,,5268********5526,
2024-03-12,"ONE HEALTHCARE PHARMAC AJAX, ON",3.99,,Healthcare,,5268********5526,
2024-03-11,"SHOPPERS DRUG MART #67 WHITBY, ON",179.01,,Healthcare,,5268********5526,
2024-03-11,"TIM HORTONS #6349 289-314-5288, ON",1.92,,Dining,,5268********5526,
2024-03-11,"METRO 106 WHITBY, ON",39.89,,Other,,5268********5526,
2024-03-11,"PETRO CANADA49995 WHITBY, ON",24.73,,Gas,,5268********5526,
2024-03-11,"PLAYDIUM #7010 WHITBY, ON",115.26,,Kids,,5268********5526,
2024-03-11,"LANDMARK 24 WHITBY WHITBY, ON",20.88,,Entertainment,,5268********5526,
2024-03-08,"TIM HORTONS #4189 905-683-6497, ON",6.25,,Dining,,5268********5526,
2024-03-07,"SHOPPERS DRUG MART #12 PICKERING, ON",8.22,,Healthcare,,5268********5526,
2024-03-06,"SLEEP COUNTRY - AJAX/D AJAX, ON",505.11,,HomeImprovement,,5268********5526,
2024-03-06,"SLEEP COUNTRY - AJAX/D AJAX, ON",440.69,,HomeImprovement,,5268********5526,
2024-03-05,"TIM HORTONS #3956 905-619-1599, ON",2.47,,Dining,,5268********5526,
2024-03-05,"UBER CANADA/UBERTRIP TORONTO, ON",18.67,,Travel,,5268********5526,
2024-03-05,"UBER CANADA/UBERTRIP TORONTO, ON",14.29,,Travel,,5268********5526,
2024-03-05,"KHEL SPORTS PICKERING, ON",3.5,,ClubMembership,,5268********5526,
2024-03-05,"THE BAGEL STOP TORONTO, ON",7.46,,Dining,,5268********5526,
2024-03-05,"PANCHVATI SUPERMARKET AJAX, ON",37.46,,Groceries,,5268********5526,
2024-03-05,"HUDSON'S BAY #1533 PICKERING, ON",33.38,,Apparel,,5268********5526,
2024-03-05,"THE HOME DEPOT #7109 AJAX, ON",14.27,,Stationery,,5268********5526,
2024-03-04,"COSTCO GAS W159 AJAX, ON",75.18,,Gas,,5268********5526,
2024-03-04,"TUSCAN WOLF WHITBY, ON",98.32,,Dining,,5268********5526,
2024-03-04,"ONE HEALTHCARE PHARMAC AJAX, ON",38.81,,Healthcare,,5268********5526,
2024-03-01,"TIM HORTONS #4189 905-683-6497, ON",15.55,,Dining,,5268********5526,
2024-02-29,"TIM HORTONS #2639 905-426-3186, ON",5.07,,Dining,,5268********5526,
2024-02-29,"AJAX IQBAL FOODS AJAX, ON",4.98,,Groceries,,5268********5526,
2024-02-29,"LONGO'S AJAX AJAX, ON",8.45,,Groceries,,5268********5526,
2024-02-28,"LOBLAWS #1001 PICKERING, ON",12.43,,Groceries,,5268********5526,
2024-02-27,"TIM HORTONS #3956 905-619-1599, ON",3.34,,Dining,,5268********5526,
2024-02-26,"PANCHVATI SUPERMARKET AJAX, ON",38.45,,Groceries,,5268********5526,
2024-02-26,"NEW SPICELAND SUPERMAR AJAX, ON",23.98,,Groceries,,5268********5526,
2024-02-26,"COSTCO WHOLESALE W159 AJAX, ON",159.22,,Groceries,,5268********5526,
2024-02-26,"UBER CANADA/UBEREATS TORONTO, ON",20.46,,Dining,,5268********5526,
2024-02-23,"GLOW CAR WASH AJAX, ON",14.68,,Maintenance-Car,,5268********5526,
2024-02-22,"UBER CANADA/UBEREATS TORONTO, ON",27.99,,Dining,,5268********5526,
2024-02-22,"COSTCO GAS W159 AJAX, ON",81.69,,Gas,,5268********5526,
2024-02-22,"TIM HORTONS #2639 905-426-3186, ON",2.47,,Dining,,5268********5526,
2024-02-21,"PANCHVATI SUPERMARKET AJAX, ON",39.22,,Groceries,,5268********5526,
2024-02-21,"SOCIETE DU VIEUX-PORT MONTREAL, QC",25.0,,Other,,5268********5526,
2024-02-20,"TIM HORTONS #104101 613-698-9657, ON",3.45,,Dining,,5268********5526,
2024-02-20,"WWW.MOIMONTREAL.COM MONTREAL, QC",106.93,,Other,,5268********5526,
2024-02-20,"TIM HORTONS #2972 905-666-0834, ON",3.84,,Dining,,5268********5526,
2024-02-15,"TIM HORTONS #0993 905-683-6497, ON",1.92,,Dining,,5268********5526,
2024-02-14,"UBER CANADA/UBEREATS TORONTO, ON",27.91,,Dining,,5268********5526,
2024-02-13,PAYMENT THANK YOU/PAIEMEN T MERCI,,1574.79,Other,,5268********5526,
2024-02-13,"THE BAGEL STOP TORONTO, ON",7.46,,Dining,,5268********5526,
2024-02-12,"TIM HORTONS #2639 905-426-3186, ON",1.92,,Dining,,5268********5526,
2024-02-12,"PANCHVATI SUPERMARKET AJAX, ON",68.78,,Groceries,,5268********5526,
2024-02-12,"TIM HORTONS #2639 AJAX, ON",7.87,,Dining,,5268********5526,
2024-02-12,"COSTCO GAS W159 AJAX, ON",73.66,,Gas,,5268********5526,
2024-02-12,"MCDONALD'S #22566 Q04 AJAX, ON",17.49,,Dining,,5268********5526,
2024-02-08,"TIM HORTONS #0993 905-683-6497, ON",2.47,,Dining,,5268********5526,
2024-02-08,"TIM HORTONS #2387 TORONTO, ON",1.67,,Dining,,5268********5526,
2024-02-07,"LOBLAWS #1001 PICKERING, ON",29.16,,Groceries,,5268********5526,
2024-02-05,"PANCHVATI SUPERMARKET AJAX, ON",72.3,,Groceries,,5268********5526,
2024-02-05,"MR. JOHN S REAL KERALA SCARBOROUGH, ON",100.33,,Dining,,5268********5526,
2024-02-05,"TIM HORTONS #0993 905-683-6497, ON",2.47,,Dining,,5268********5526,
2024-02-05,"MCDONALD'S #22566 Q04 AJAX, ON",13.55,,Dining,,5268********5526,
2024-02-05,"TIM HORTONS #2639 905-426-3186, ON",1.92,,Dining,,5268********5526,
2024-02-05,"UBER* EATS TORONTO, ON",70.02,,Other,,5268********5526,
2024-02-02,"COSTCO GAS W159 AJAX, ON",59.62,,Gas,,5268********5526,
2024-02-01,"TIM HORTONS #2618 905-421-0007, ON",2.47,,Dining,,5268********5526,
2024-02-01,"MCDONALD'S #8794 Q04 PICKERING, ON",4.19,,Dining,,5268********5526,
2024-01-31,"TIM HORTONS #3956 905-619-1599, ON",1.92,,Dining,,5268********5526,
2024-01-31,"CONSERVATIVE FUND CANA OTTAWA, ON",15.0,,Other,,5268********5526,
2024-01-30,"AJAX IQBAL FOODS AJAX, ON",53.01,,Groceries,,5268********5526,
2024-01-29,"SQ *NAZFOODS Ajax, ON",4.5,,Groceries,,5268********5526,
2024-01-29,"PANCHVATI SUPERMARKET AJAX, ON",63.53,,Groceries,,5268********5526,
2024-01-29,"MR. JOHN S REAL KERALA SCARBOROUGH, ON",86.37,,Dining,,5268********5526,
2024-01-29,"TIM HORTONS #4189 905-683-6497, ON",5.96,,Dining,,5268********5526,
2024-01-29,"TIM HORTONS #4189 905-683-6497, ON",4.68,,Dining,,5268********5526,
2024-01-29,"WARRAICH MEATS AJAX, ON",15.59,,Groceries,,5268********5526,
2024-01-29,"COSTCO GAS W159 AJAX, ON",75.69,,Gas,,5268********5526,
2024-01-26,"PACIFIC FRESH FOOD MAR PICKERING, ON",4.59,,Groceries,,5268********5526,
2024-01-24,"LYFT *1 RIDE 01-22 VANCOUVER, BC",16.99,,Travel,,5268********5526,
2024-01-24,"MPBSD OSS - OFFICIAL D TORONTO, ON",64.0,,Other,,5268********5526,
2024-01-23,"%ARABICA (UNION STATIO TORONTO, ON",13.84,,Dining,,5268********5526,
2024-01-23,"%ARABICA (UNION STATIO TORONTO, ON",6.22,,Dining,,5268********5526,
2024-01-23,"GLOW CAR WASH AJAX, ON",19.2,,Maintenance-Car,,5268********5526,
2024-01-23,"UBER* TRIP TORONTO, ON",9.71,,Other,,5268********5526,
2024-01-23,"AJAX IQBAL FOODS AJAX, ON",18.52,,Groceries,,5268********5526,
2024-01-23,"WAL-MART #3001 AJAX, ON",71.81,,Groceries,,5268********5526,
2024-01-22,"TIM HORTONS #0914 905-427-2299, ON",2.47,,Dining,,5268********5526,
2024-01-22,"PANCHVATI SUPERMARKET AJAX, ON",43.44,,Groceries,,5268********5526,
2024-01-22,"DOLLARAMA # 640 AJAX, ON",14.97,,Stationery,,5268********5526,
2024-01-22,"MADURA DINE-IN AJAX, ON",79.03,,Dining,,5268********5526,
2024-01-19,"WALK IN NOTARY AJAX, ON",118.6,,Other,,5268********5526,
2024-01-18,"TIM HORTONS #2252 905-428-6388, ON",4.83,,Dining,,5268********5526,
2024-01-18,"THE UPS STORE #349 AJAX, ON",94.87,,Stationery,,5268********5526,
2024-01-18,"THE UPS STORE #349 AJAX, ON",47.44,,Stationery,,5268********5526,
2024-01-17,"PETRO CANADA58627 WHITBY, ON",5.97,,Gas,,5268********5526,
2024-01-17,"TIM HORTONS #1076 WHITBY, ON",1.92,,Dining,,5268********5526,
2024-01-17,"PETRO CANADA00921 WHITBY, ON",13.55,,Gas,,5268********5526,
2024-01-17,"PETRO CANADA58627 WHITBY, ON",7.9,,Gas,,5268********5526,
2024-01-15,"TIM HORTONS #0914 905-427-2299, ON",1.92,,Dining,,5268********5526,
2024-01-15,"PANCHVATI SUPERMARKET AJAX, ON",81.77,,Groceries,,5268********5526,
2024-01-15,"CLUCK CLUCKS AJAX AJAX, ON",38.51,,Dining,,5268********5526,
2024-01-15,"TIM HORTONS #2639 905-426-3186, ON",2.17,,Dining,,5268********5526,
2024-01-15,"UBER CANADA/UBEREATS TORONTO, ON",53.99,,Dining,,5268********5526,
2024-01-12,"DOLLARAMA # 698 WHITBY, ON",8.48,,Stationery,,5268********5526,
2024-01-09,"TIM HORTONS #3956 905-619-1599, ON",1.92,,Dining,,5268********5526,
2024-01-09,"COSTCO GAS W159 AJAX, ON",67.18,,Gas,,5268********5526,
2024-01-09,"WAL-MART #3001 AJAX, ON",89.62,,Groceries,,5268********5526,
2024-01-09,"PANCHVATI SUPERMARKET AJAX, ON",33.96,,Groceries,,5268********5526,
2024-01-09,"AJAX IQBAL FOODS AJAX, ON",13.14,,Groceries,,5268********5526,
2024-01-09,PAYMENT THANK YOU/PAIEMEN T MERCI,,327.62,Other,,5268********5526,
2024-01-08,"TIM HORTONS #1839 905-426-9983, ON",2.47,,Dining,,5268********5526,
2024-01-08,"TIM HORTONS #2639 905-426-3186, ON",4.54,,Dining,,5268********5526,
2024-01-08,"IKEA NORTH YORK NORTH YORK, ON",16.35,,HomeImprovement,,5268********5526,
2024-01-08,"UBER CANADA/UBEREATS TORONTO, ON",42.84,,Dining,,5268********5526,
2024-01-08,"UBER CANADA/UBEREATS TORONTO, ON",5.68,,Dining,,5268********5526,
2024-01-08,"UBER CANADA/UBEREATS TORONTO, ON",41.23,,Dining,,5268********5526,
2024-01-04,"TIM HORTONS #2958 905-426-8140, ON",1.92,,Dining,,5268********5526,
2024-01-03,"TIM HORTONS #2639 905-426-3186, ON",10.08,,Dining,,5268********5526,
2024-01-03,"COSTCO WHOLESALE W159 AJAX, ON",119.36,,Groceries,,5268********5526,
2024-01-02,"TIM HORTONS #2639 905-426-3186, ON",7.48,,Dining,,5268********5526,
2024-01-02,"UBER* EATS TORONTO, ON",61.25,,Other,,5268********5526,
2024-01-02,"Uniqlo Canada POS_CA_S Mississauga, ON",130.95,,Apparel,,5268********5526,
2024-01-02,"PANCHVATI SUPERMARKET AJAX, ON",27.01,,Groceries,,5268********5526,
2024-01-02,"TIM HORTONS #2639 AJAX, ON",8.66,,Dining,,5268********5526,
2024-01-02,"APPLE.COM/BILL 866-712-7753, ON",1.46,,Subscription,,5268********5526,
2024-01-02,"PETRO CANADA35252 WHITBY, ON",15.26,,Gas,,5268********5526,
2024-01-02,"TIM HORTONS #5538 WHITBY, ON",1.92,,Dining,,5268********5526,
2024-01-02,"AJAX IQBAL FOODS AJAX, ON",44.47,,Groceries,,5268********5526,
2024-01-02,"TIM HORTONS #5538 WHITBY, ON",1.92,,Dining,,5268********5526,
30 Apr 2024,Use Points for Purchases,,,Other,,,-$262.92
19 Apr 2024,EYE HOME SOLUTIONS Whitby,,,HomeImprovement,,,"$2,900.00"
14 Apr 2024,PAYMENT RECEIVED - THANK YOU,,,Other,,,"-$1,207.11"
14 Mar 2024,PAYMENT RECEIVED - THANK YOU,,,Other,,,"-$3,190.65"
13 Mar 2024,BELL CANADA (OB) MONTREAL,,,Internet,,,$62.15
11 Mar 2024,PETRO CANADA59647 PICKERING,,,Gas,,,$79.39
09 Mar 2024,PLAYDIUM #7010 WHITBY,,,Kids,,,$429.40
07 Mar 2024,KEG - 509 - AJAX 1328 AJAX,,,Dining,,,$200.01
05 Mar 2024,UBER CASH HTTPS://HELP.UB,,,Travel,,,$100.00
01 Mar 2024,ANJAPPAR CHETTINAD REST SCARBOROUGH,,,Dining,,,$102.19
27 Feb 2024,LYFT *RIDE MON 7AM VANCOUVER,,,Travel,,,$13.72
26 Feb 2024,HARVEST GREEN Toronto,,,Dining,,,$14.41
24 Feb 2024,TELUS MOBILITY PREAUTH CALGARY,,,Phone,,,$138.04
23 Feb 2024,FREEDOM MOBILE 877-946-3184,,,Phone,,,$67.80
19 Feb 2024,VAN HOUTTE 108751786 MONTREAL,,,Other,,,$25.58
19 Feb 2024,ONROUTE BAINSVILLE E #1 BAINSVILLE,,,Travel,,,$49.34
19 Feb 2024,PARC INDIGO - CMO302 MONTREAL,,,Other,,,$18.00
19 Feb 2024,3 BRASSEURS ST-PAUL MONTREAL,,,Other,,,$128.93
18 Feb 2024,QUALITY INN CENTRE-VILL MONTREAL,,,Travel,,,$195.82
18 Feb 2024,ONROUTE MALLORYTOWN S # MALLORYTOWN,,,Travel,,,$50.09
18 Feb 2024,PIZZERIA DEI COMPARI PI MONTREAL,,,Dining,,,$77.88
17 Feb 2024,GOLDIE'S CAFE + EATER AJAX,,,Dining,,,$7.91
16 Feb 2024,TIM HORTONS #2639 AJAX,,,Dining,,,$13.59
16 Feb 2024,PETRO CANADA59222 SCARBOROUGH,,,Gas,,,$52.04
15 Feb 2024,ROGERS ******7703 888-764-3771,,,Internet,,,$265.53
13 Feb 2024,PRESTO AUTL TORONTO,,,Travel,,,$100.00
13 Feb 2024,LYFT *RIDE MON 3PM VANCOUVER,,,Travel,,,$10.99
13 Feb 2024,PAYMENT RECEIVED - THANK YOU,,,Other,,,"-$6,477.49"
13 Feb 2024,BELL CANADA (OB) MONTREAL,,,Internet,,,$57.78
12 Feb 2024,UBER TRIP HTTPS://HELP.UB,,,Travel,,,$13.56
12 Feb 2024,AJAX TENNIS CLUB 001 AJAX,,,ClubMembership,,,$85.00
12 Feb 2024,CULTURES ULT072 2106053 TORONTO,,,Dining,,,$15.81
09 Feb 2024,SURF WHITBY,,,Dining,,,$120.85
07 Feb 2024,UBER TRIP HTTPS://HELP.UB,,,Travel,,,$13.84
07 Feb 2024,UBER TRIP HTTPS://HELP.UB,,,Travel,,,$14.94
07 Feb 2024,CHASKA TORONTO,,,Dining,,,$14.11
06 Feb 2024,UBER TRIP HTTPS://HELP.UB,,,Travel,,,$63.16
06 Feb 2024,THE UPS STORE #121 AJAX,,,Stationery,,,$124.50
31 Jan 2024,UBER TRIP HTTPS://HELP.UB,,,Travel,,,$13.80
31 Jan 2024,UBER TRIP HTTPS://HELP.UB,,,Travel,,,$14.77
31 Jan 2024,UBER TRIP HTTPS://HELP.UB,,,Travel,,,$0.49
27 Jan 2024,WAL-MART 3001 3001 AJAX,,,Groceries,,,$59.39
26 Jan 2024,TELUS MOBILITY PREAUTH CALGARY,,,Phone,,,$163.35
24 Jan 2024,UBER TRIP HTTPS://HELP.UB,,,Travel,,,$1.00
24 Jan 2024,UBER TRIP HTTPS://HELP.UB,,,Travel,,,$13.90
24 Jan 2024,UBER TRIP HTTPS://HELP.UB,,,Travel,,,$14.71
24 Jan 2024,TIM HORTONS #2387 TORONTO,,,Dining,,,$6.87
24 Jan 2024,CULTURES ULT072 2106053 TORONTO,,,Dining,,,$15.81
23 Jan 2024,FREEDOM MOBILE 877-946-3184,,,Phone,,,$68.65
22 Jan 2024,UBER TRIP HTTPS://HELP.UB,,,Travel,,,$61.35
22 Jan 2024,NBX*SEWER SQUAD PLUMBIN AJAX,,,Maintenance-Home,,,"$1,237.31"
21 Jan 2024,WAL-MART 3001 3001 AJAX,,,Groceries,,,$500.00
18 Jan 2024,THE PORTLY PIPER 001 AJAX,,,Dining,,,$83.17
17 Jan 2024,HARVEST GREEN Toronto,,,Dining,,,$14.41
17 Jan 2024,TIM HORTONS #2387 TORONTO,,,Dining,,,$3.34
16 Jan 2024,PETRO CANADA58627 WHITBY,,,Gas,,,$36.45
13 Jan 2024,PAYMENT RECEIVED - THANK YOU,,,Other,,,"-$3,648.81"
10 Jan 2024,BELL CANADA (OB) MONTREAL,,,Internet,,,$68.37
08 Jan 2024,NBX*SEWER SQUAD PLUMBIN AJAX,,,Maintenance-Home,,,$825.00
06 Jan 2024,THE TREADMILL FACTORY MARKHAM,,,GymEquipment,,,$739.00
